nisn,password,status_aktif,nama,angkatan,jurusan,kelas,panggilan,jk,tmp_lahir,tgl_lahir,agama,wn,alamat,hp,tb,bb,anak_ke,jml_sdr_kandung,yatim,tinggal_dgn,ayah_nama,ayah_kerja,ayah_hp,ibu_nama,ibu_kerja,ibu_hp
0032737252,password123,aktif,Siswa Dummy Ke-1,2023,Bahasa,10 Bahasa 1,Siswa 1,perempuan,Bandung,2007-11-14,Katolik,WNI,"Jl. Contoh Dummy No. 1, Kota Bandung",082994277751,149,74,1,1,Yatim,Orang Tua,Ayah dari Siswa 1,Buruh,086157759050,Ibu dari Siswa 1,Pegawai Swasta,085704659861
0010186408,password123,drop_out,Siswa Dummy Ke-2,2023,IPS,10 IPS 1,Siswa 2,Laki-laki,Malang,2007-08-02,Kristen,WNI,"Jl. Contoh Dummy No. 2, Kota Malang",082491036040,146,74,1,5,Lengkap,Orang Tua,Ayah dari Siswa 2,Pegawai Swasta,081546440976,Ibu dari Siswa 2,PNS,085015668062
0079713014,password123,aktif,Siswa Dummy Ke-3,2023,Bahasa,10 Bahasa 1,Siswa 3,Laki-laki,Surabaya,2007-08-13,Hindu,WNI,"Jl. Contoh Dummy No. 3, Kota Surabaya",083496655531,147,57,3,4,Yatim Piatu,Orang Tua,Ayah dari Siswa 3,PNS,085687293600,Ibu dari Siswa 3,Ibu Rumah Tangga,082461170768
0067024438,password123,aktif,Siswa Dummy Ke-4,2023,Multimedia,10 Multimedia 1,Siswa 4,Laki-laki,Malang,2007-02-03,Konghucu,WNI,"Jl. Contoh Dummy No. 4, Kota Malang",087567051927,172,45,2,3,Lengkap,Orang Tua,Ayah dari Siswa 4,Buruh,087577379639,Ibu dari Siswa 4,Pegawai Swasta,085636176854
0045036515,password123,lulus,Siswa Dummy Ke-5,2023,RPL,10 RPL 1,Siswa 5,perempuan,Semarang,2008-08-04,Hindu,WNI,"Jl. Contoh Dummy No. 5, Kota Semarang",084686289720,163,56,3,4,Yatim,Orang Tua,Ayah dari Siswa 5,Buruh,086975847749,Ibu dari Siswa 5,Pegawai Swasta,089507441513
0081841183,password123,lulus,Siswa Dummy Ke-6,2023,RPL,10 RPL 1,Siswa 6,perempuan,Yogyakarta,2008-06-03,Islam,WNI,"Jl. Contoh Dummy No. 6, Kota Yogyakarta",085271149488,147,58,2,3,Yatim Piatu,Orang Tua,Ayah dari Siswa 6,Petani,089162964930,Ibu dari Siswa 6,Wiraswasta,083630430304
0060549347,password123,drop_out,Siswa Dummy Ke-7,2023,RPL,10 RPL 1,Siswa 7,perempuan,Surabaya,2007-09-23,Islam,WNI,"Jl. Contoh Dummy No. 7, Kota Surabaya",089375305473,163,52,2,4,Yatim,Orang Tua,Ayah dari Siswa 7,Wiraswasta,084090231187,Ibu dari Siswa 7,PNS,081733967038
0033657099,password123,drop_out,Siswa Dummy Ke-8,2023,TKJ,10 TKJ 1,Siswa 8,Laki-laki,Jakarta,2008-08-19,Kristen,WNI,"Jl. Contoh Dummy No. 8, Kota Jakarta",082612445760,180,69,1,3,Piatu,Orang Tua,Ayah dari Siswa 8,Petani,087192028373,Ibu dari Siswa 8,Wiraswasta,081554604874
0040287097,password123,lulus,Siswa Dummy Ke-9,2023,IPA,10 IPA 1,Siswa 9,Laki-laki,Malang,2008-06-27,Katolik,WNI,"Jl. Contoh Dummy No. 9, Kota Malang",086674391816,162,58,1,4,Yatim Piatu,Orang Tua,Ayah dari Siswa 9,Wiraswasta,086121959437,Ibu dari Siswa 9,Wiraswasta,085783034651
0050141017,password123,aktif,Siswa Dummy Ke-10,2023,IPS,10 IPS 1,Siswa 10,perempuan,Semarang,2007-09-04,Buddha,WNI,"Jl. Contoh Dummy No. 10, Kota Semarang",085325933021,176,82,1,4,Lengkap,Orang Tua,Ayah dari Siswa 10,Petani,084201669454,Ibu dari Siswa 10,PNS,087564500020
0029945929,password123,aktif,Siswa Dummy Ke-11,2023,IPS,10 IPS 1,Siswa 11,Laki-laki,Yogyakarta,2007-08-01,Kristen,WNI,"Jl. Contoh Dummy No. 11, Kota Yogyakarta",082458091387,154,60,1,5,Piatu,Orang Tua,Ayah dari Siswa 11,PNS,087748572056,Ibu dari Siswa 11,Ibu Rumah Tangga,088430272084
0021393086,password123,aktif,Siswa Dummy Ke-12,2023,Multimedia,10 Multimedia 1,Siswa 12,Laki-laki,Surabaya,2008-08-16,Buddha,WNI,"Jl. Contoh Dummy No. 12, Kota Surabaya",081402310073,162,41,2,2,Yatim,Orang Tua,Ayah dari Siswa 12,Wiraswasta,083301946518,Ibu dari Siswa 12,Wiraswasta,081747075470
0071606452,password123,aktif,Siswa Dummy Ke-13,2023,IPS,10 IPS 1,Siswa 13,perempuan,Bandung,2007-08-10,Kristen,WNI,"Jl. Contoh Dummy No. 13, Kota Bandung",087626603990,156,54,3,5,Yatim Piatu,Orang Tua,Ayah dari Siswa 13,Wiraswasta,086949480832,Ibu dari Siswa 13,Wiraswasta,088721186403
0020782529,password123,aktif,Siswa Dummy Ke-14,2023,IPS,10 IPS 1,Siswa 14,Laki-laki,Bandung,2008-09-08,Katolik,WNI,"Jl. Contoh Dummy No. 14, Kota Bandung",085682503921,150,55,1,5,Lengkap,Orang Tua,Ayah dari Siswa 14,PNS,089454518153,Ibu dari Siswa 14,Ibu Rumah Tangga,083569287521
0036381321,password123,drop_out,Siswa Dummy Ke-15,2023,TKJ,10 TKJ 1,Siswa 15,Laki-laki,Surabaya,2008-12-27,Kristen,WNI,"Jl. Contoh Dummy No. 15, Kota Surabaya",085129490350,179,81,1,5,Yatim,Orang Tua,Ayah dari Siswa 15,PNS,082651482172,Ibu dari Siswa 15,PNS,085608721618
0028278399,password123,lulus,Siswa Dummy Ke-16,2023,RPL,10 RPL 1,Siswa 16,perempuan,Malang,2007-12-21,Konghucu,WNI,"Jl. Contoh Dummy No. 16, Kota Malang",087476528112,164,44,3,4,Yatim Piatu,Orang Tua,Ayah dari Siswa 16,Pegawai Swasta,088576103702,Ibu dari Siswa 16,Ibu Rumah Tangga,082581457747
0040066767,password123,lulus,Siswa Dummy Ke-17,2023,Bahasa,10 Bahasa 1,Siswa 17,Laki-laki,Semarang,2007-08-14,Buddha,WNI,"Jl. Contoh Dummy No. 17, Kota Semarang",082675352558,148,43,3,3,Yatim,Orang Tua,Ayah dari Siswa 17,Pegawai Swasta,087140896391,Ibu dari Siswa 17,Wiraswasta,082680232409
0063303695,password123,lulus,Siswa Dummy Ke-18,2023,IPA,10 IPA 1,Siswa 18,perempuan,Jakarta,2007-06-22,Kristen,WNI,"Jl. Contoh Dummy No. 18, Kota Jakarta",088463044064,157,78,3,4,Yatim,Orang Tua,Ayah dari Siswa 18,Wiraswasta,082961512520,Ibu dari Siswa 18,PNS,082123359340
0098177803,password123,lulus,Siswa Dummy Ke-19,2023,IPS,10 IPS 1,Siswa 19,perempuan,Bandung,2007-03-05,Katolik,WNI,"Jl. Contoh Dummy No. 19, Kota Bandung",083606434715,168,71,2,3,Lengkap,Orang Tua,Ayah dari Siswa 19,Pegawai Swasta,088410625725,Ibu dari Siswa 19,Pegawai Swasta,086247698555
0055813940,password123,lulus,Siswa Dummy Ke-20,2023,RPL,10 RPL 1,Siswa 20,Laki-laki,Jakarta,2007-03-10,Konghucu,WNI,"Jl. Contoh Dummy No. 20, Kota Jakarta",081569526282,150,49,3,4,Piatu,Orang Tua,Ayah dari Siswa 20,Pegawai Swasta,081485893781,Ibu dari Siswa 20,PNS,089854348125
0019515527,password123,aktif,Siswa Dummy Ke-21,2023,RPL,10 RPL 1,Siswa 21,perempuan,Semarang,2008-08-17,Buddha,WNI,"Jl. Contoh Dummy No. 21, Kota Semarang",083778177842,145,60,2,2,Yatim,Orang Tua,Ayah dari Siswa 21,Pegawai Swasta,081327920565,Ibu dari Siswa 21,Ibu Rumah Tangga,083399897754
0086055964,password123,aktif,Siswa Dummy Ke-22,2023,Multimedia,10 Multimedia 1,Siswa 22,Laki-laki,Yogyakarta,2007-06-04,Kristen,WNI,"Jl. Contoh Dummy No. 22, Kota Yogyakarta",085614459243,145,77,2,5,Lengkap,Orang Tua,Ayah dari Siswa 22,Pegawai Swasta,081541751689,Ibu dari Siswa 22,Pegawai Swasta,082235503574
0041668094,password123,aktif,Siswa Dummy Ke-23,2023,IPA,10 IPA 1,Siswa 23,Laki-laki,Surabaya,2007-11-19,Islam,WNI,"Jl. Contoh Dummy No. 23, Kota Surabaya",088632558539,170,79,2,3,Lengkap,Orang Tua,Ayah dari Siswa 23,Buruh,083111740746,Ibu dari Siswa 23,Wiraswasta,085968216851
0017543802,password123,lulus,Siswa Dummy Ke-24,2023,TKJ,10 TKJ 1,Siswa 24,perempuan,Jakarta,2007-07-18,Buddha,WNI,"Jl. Contoh Dummy No. 24, Kota Jakarta",088674243404,159,72,3,3,Piatu,Orang Tua,Ayah dari Siswa 24,Petani,083386427944,Ibu dari Siswa 24,Pegawai Swasta,089821546138
0053881981,password123,lulus,Siswa Dummy Ke-25,2023,Multimedia,10 Multimedia 1,Siswa 25,perempuan,Semarang,2007-12-01,Buddha,WNI,"Jl. Contoh Dummy No. 25, Kota Semarang",086825570649,179,42,2,3,Yatim,Orang Tua,Ayah dari Siswa 25,Buruh,083527637236,Ibu dari Siswa 25,Pegawai Swasta,082953365564
0048990805,password123,lulus,Siswa Dummy Ke-26,2023,RPL,10 RPL 1,Siswa 26,Laki-laki,Yogyakarta,2007-10-17,Hindu,WNI,"Jl. Contoh Dummy No. 26, Kota Yogyakarta",084044907141,155,43,1,1,Lengkap,Orang Tua,Ayah dari Siswa 26,Petani,085031774050,Ibu dari Siswa 26,Wiraswasta,085649708495
0049432233,password123,aktif,Siswa Dummy Ke-27,2023,IPS,10 IPS 1,Siswa 27,Laki-laki,Malang,2007-09-02,Kristen,WNI,"Jl. Contoh Dummy No. 27, Kota Malang",085661579222,165,67,1,2,Yatim Piatu,Orang Tua,Ayah dari Siswa 27,Pegawai Swasta,085271060658,Ibu dari Siswa 27,Wiraswasta,084838744929
0066102155,password123,drop_out,Siswa Dummy Ke-28,2023,RPL,10 RPL 1,Siswa 28,perempuan,Surabaya,2008-07-03,Kristen,WNI,"Jl. Contoh Dummy No. 28, Kota Surabaya",088098183391,150,47,1,3,Lengkap,Orang Tua,Ayah dari Siswa 28,Petani,081273040125,Ibu dari Siswa 28,PNS,081994321869
0051501973,password123,drop_out,Siswa Dummy Ke-29,2023,IPA,10 IPA 1,Siswa 29,Laki-laki,Surabaya,2008-11-06,Kristen,WNI,"Jl. Contoh Dummy No. 29, Kota Surabaya",082492988360,175,43,1,4,Yatim,Orang Tua,Ayah dari Siswa 29,PNS,081494828615,Ibu dari Siswa 29,PNS,086336335363
0086469754,password123,drop_out,Siswa Dummy Ke-30,2023,RPL,10 RPL 1,Siswa 30,perempuan,Bandung,2007-05-16,Kristen,WNI,"Jl. Contoh Dummy No. 30, Kota Bandung",087335221576,156,50,2,5,Yatim,Orang Tua,Ayah dari Siswa 30,Pegawai Swasta,087704275107,Ibu dari Siswa 30,Pegawai Swasta,083563780178
0059900189,password123,lulus,Siswa Dummy Ke-31,2023,IPA,10 IPA 1,Siswa 31,perempuan,Malang,2007-10-12,Islam,WNI,"Jl. Contoh Dummy No. 31, Kota Malang",081084634180,170,79,3,4,Yatim Piatu,Orang Tua,Ayah dari Siswa 31,Petani,084334843094,Ibu dari Siswa 31,PNS,083105563732
0023083410,password123,lulus,Siswa Dummy Ke-32,2023,RPL,10 RPL 1,Siswa 32,perempuan,Jakarta,2008-08-11,Hindu,WNI,"Jl. Contoh Dummy No. 32, Kota Jakarta",087659128961,173,41,3,5,Piatu,Orang Tua,Ayah dari Siswa 32,Petani,088461768816,Ibu dari Siswa 32,Wiraswasta,083828986574
0037909509,password123,aktif,Siswa Dummy Ke-33,2023,TKJ,10 TKJ 1,Siswa 33,perempuan,Jakarta,2007-06-12,Katolik,WNI,"Jl. Contoh Dummy No. 33, Kota Jakarta",081525772242,165,47,3,4,Yatim,Orang Tua,Ayah dari Siswa 33,Pegawai Swasta,086034379961,Ibu dari Siswa 33,Ibu Rumah Tangga,087397869874
0037936963,password123,drop_out,Siswa Dummy Ke-34,2023,Bahasa,10 Bahasa 1,Siswa 34,perempuan,Bandung,2008-04-28,Hindu,WNI,"Jl. Contoh Dummy No. 34, Kota Bandung",087021340529,145,47,1,5,Lengkap,Orang Tua,Ayah dari Siswa 34,Petani,082864539471,Ibu dari Siswa 34,PNS,087870203110
0050700940,password123,aktif,Siswa Dummy Ke-35,2023,IPS,10 IPS 1,Siswa 35,perempuan,Semarang,2007-09-04,Katolik,WNI,"Jl. Contoh Dummy No. 35, Kota Semarang",084676641778,149,66,1,5,Yatim Piatu,Orang Tua,Ayah dari Siswa 35,Buruh,087910809532,Ibu dari Siswa 35,Pegawai Swasta,087778771224
0040173697,password123,lulus,Siswa Dummy Ke-36,2023,IPA,10 IPA 1,Siswa 36,perempuan,Semarang,2007-03-12,Katolik,WNI,"Jl. Contoh Dummy No. 36, Kota Semarang",086797717157,177,69,2,2,Yatim,Orang Tua,Ayah dari Siswa 36,Petani,083063106550,Ibu dari Siswa 36,Ibu Rumah Tangga,081445312152
0013948234,password123,aktif,Siswa Dummy Ke-37,2023,TKJ,10 TKJ 1,Siswa 37,perempuan,Bandung,2007-10-17,Katolik,WNI,"Jl. Contoh Dummy No. 37, Kota Bandung",086792689754,166,49,1,3,Lengkap,Orang Tua,Ayah dari Siswa 37,Buruh,087709282902,Ibu dari Siswa 37,Wiraswasta,088984364003
0084582095,password123,drop_out,Siswa Dummy Ke-38,2023,TKJ,10 TKJ 1,Siswa 38,perempuan,Jakarta,2007-07-25,Islam,WNI,"Jl. Contoh Dummy No. 38, Kota Jakarta",081465305696,155,75,3,4,Yatim,Orang Tua,Ayah dari Siswa 38,Petani,081809199616,Ibu dari Siswa 38,Pegawai Swasta,084974936961
0090372522,password123,lulus,Siswa Dummy Ke-39,2023,TKJ,10 TKJ 1,Siswa 39,Laki-laki,Surabaya,2008-09-18,Islam,WNI,"Jl. Contoh Dummy No. 39, Kota Surabaya",087119641704,154,42,3,5,Yatim Piatu,Orang Tua,Ayah dari Siswa 39,PNS,081482279673,Ibu dari Siswa 39,Ibu Rumah Tangga,081356188174
0042608398,password123,aktif,Siswa Dummy Ke-40,2023,IPA,10 IPA 1,Siswa 40,perempuan,Jakarta,2007-07-06,Hindu,WNI,"Jl. Contoh Dummy No. 40, Kota Jakarta",083195904090,168,85,1,5,Piatu,Orang Tua,Ayah dari Siswa 40,Pegawai Swasta,088179587231,Ibu dari Siswa 40,Ibu Rumah Tangga,085122558812
0075308593,password123,drop_out,Siswa Dummy Ke-41,2023,Multimedia,10 Multimedia 1,Siswa 41,perempuan,Malang,2008-07-17,Buddha,WNI,"Jl. Contoh Dummy No. 41, Kota Malang",081364241455,180,42,1,4,Lengkap,Orang Tua,Ayah dari Siswa 41,Buruh,088087983834,Ibu dari Siswa 41,PNS,082378324480
0080424057,password123,drop_out,Siswa Dummy Ke-42,2023,IPS,10 IPS 1,Siswa 42,Laki-laki,Surabaya,2007-08-20,Konghucu,WNI,"Jl. Contoh Dummy No. 42, Kota Surabaya",086061917808,175,58,2,2,Yatim Piatu,Orang Tua,Ayah dari Siswa 42,Petani,084351544671,Ibu dari Siswa 42,Wiraswasta,088962793354
0064014131,password123,lulus,Siswa Dummy Ke-43,2023,Multimedia,10 Multimedia 1,Siswa 43,perempuan,Semarang,2008-01-26,Hindu,WNI,"Jl. Contoh Dummy No. 43, Kota Semarang",088636445843,153,76,3,4,Yatim,Orang Tua,Ayah dari Siswa 43,PNS,083129016057,Ibu dari Siswa 43,Wiraswasta,089765725358
0034794208,password123,drop_out,Siswa Dummy Ke-44,2023,Multimedia,10 Multimedia 1,Siswa 44,perempuan,Jakarta,2008-09-05,Kristen,WNI,"Jl. Contoh Dummy No. 44, Kota Jakarta",084163287178,165,52,1,4,Yatim Piatu,Orang Tua,Ayah dari Siswa 44,Buruh,089987094058,Ibu dari Siswa 44,Wiraswasta,082586636345
0077065139,password123,drop_out,Siswa Dummy Ke-45,2023,TKJ,10 TKJ 1,Siswa 45,perempuan,Surabaya,2007-04-10,Islam,WNI,"Jl. Contoh Dummy No. 45, Kota Surabaya",084009323833,167,52,3,3,Yatim,Orang Tua,Ayah dari Siswa 45,Pegawai Swasta,083710667556,Ibu dari Siswa 45,PNS,085634557513
0075456160,password123,aktif,Siswa Dummy Ke-46,2023,IPA,10 IPA 1,Siswa 46,perempuan,Malang,2007-01-08,Katolik,WNI,"Jl. Contoh Dummy No. 46, Kota Malang",087745547575,155,44,1,5,Yatim Piatu,Orang Tua,Ayah dari Siswa 46,PNS,089202169167,Ibu dari Siswa 46,Ibu Rumah Tangga,089800629490
0037477169,password123,drop_out,Siswa Dummy Ke-47,2023,IPS,10 IPS 1,Siswa 47,perempuan,Malang,2007-01-02,Kristen,WNI,"Jl. Contoh Dummy No. 47, Kota Malang",085819829988,152,85,1,2,Yatim Piatu,Orang Tua,Ayah dari Siswa 47,Buruh,083439867469,Ibu dari Siswa 47,PNS,088903910267
0079161454,password123,lulus,Siswa Dummy Ke-48,2023,IPA,10 IPA 1,Siswa 48,Laki-laki,Bandung,2008-01-20,Islam,WNI,"Jl. Contoh Dummy No. 48, Kota Bandung",085113981192,148,40,3,4,Lengkap,Orang Tua,Ayah dari Siswa 48,Pegawai Swasta,088647783513,Ibu dari Siswa 48,Ibu Rumah Tangga,088934875510
0061211847,password123,aktif,Siswa Dummy Ke-49,2023,RPL,10 RPL 1,Siswa 49,perempuan,Semarang,2008-03-14,Buddha,WNI,"Jl. Contoh Dummy No. 49, Kota Semarang",087669309276,167,67,1,4,Yatim,Orang Tua,Ayah dari Siswa 49,Pegawai Swasta,084609680804,Ibu dari Siswa 49,Ibu Rumah Tangga,085465731445
0091015035,password123,aktif,Siswa Dummy Ke-50,2023,TKJ,10 TKJ 1,Siswa 50,perempuan,Jakarta,2008-09-09,Hindu,WNI,"Jl. Contoh Dummy No. 50, Kota Jakarta",089795501093,153,56,3,5,Piatu,Orang Tua,Ayah dari Siswa 50,PNS,084891122109,Ibu dari Siswa 50,Wiraswasta,085478417928
0071097219,password123,lulus,Siswa Dummy Ke-51,2023,IPA,10 IPA 1,Siswa 51,perempuan,Semarang,2007-02-05,Buddha,WNI,"Jl. Contoh Dummy No. 51, Kota Semarang",087732442868,178,76,2,3,Yatim,Orang Tua,Ayah dari Siswa 51,Pegawai Swasta,085933315582,Ibu dari Siswa 51,PNS,086557263505
0012655025,password123,aktif,Siswa Dummy Ke-52,2023,IPA,10 IPA 1,Siswa 52,perempuan,Yogyakarta,2008-07-29,Islam,WNI,"Jl. Contoh Dummy No. 52, Kota Yogyakarta",087751760036,164,78,3,5,Yatim Piatu,Orang Tua,Ayah dari Siswa 52,Buruh,082812130272,Ibu dari Siswa 52,PNS,084887414610
0038292773,password123,drop_out,Siswa Dummy Ke-53,2023,RPL,10 RPL 1,Siswa 53,perempuan,Bandung,2007-05-06,Konghucu,WNI,"Jl. Contoh Dummy No. 53, Kota Bandung",086219624828,175,64,2,4,Yatim Piatu,Orang Tua,Ayah dari Siswa 53,Pegawai Swasta,086046532306,Ibu dari Siswa 53,Ibu Rumah Tangga,083934514394
0062771316,password123,drop_out,Siswa Dummy Ke-54,2023,IPS,10 IPS 1,Siswa 54,Laki-laki,Surabaya,2007-06-28,Kristen,WNI,"Jl. Contoh Dummy No. 54, Kota Surabaya",082485297481,157,57,2,4,Yatim Piatu,Orang Tua,Ayah dari Siswa 54,Wiraswasta,087014638816,Ibu dari Siswa 54,Pegawai Swasta,089331486801
0086212511,password123,lulus,Siswa Dummy Ke-55,2023,TKJ,10 TKJ 1,Siswa 55,Laki-laki,Semarang,2008-02-21,Buddha,WNI,"Jl. Contoh Dummy No. 55, Kota Semarang",081896325146,173,83,1,2,Yatim,Orang Tua,Ayah dari Siswa 55,PNS,086133027910,Ibu dari Siswa 55,PNS,089377259262
0087421494,password123,aktif,Siswa Dummy Ke-56,2023,Bahasa,10 Bahasa 1,Siswa 56,Laki-laki,Surabaya,2008-09-10,Buddha,WNI,"Jl. Contoh Dummy No. 56, Kota Surabaya",081459754275,164,48,3,5,Piatu,Orang Tua,Ayah dari Siswa 56,Pegawai Swasta,086883005270,Ibu dari Siswa 56,PNS,082005340263
0073140764,password123,drop_out,Siswa Dummy Ke-57,2023,RPL,10 RPL 1,Siswa 57,Laki-laki,Jakarta,2007-11-02,Katolik,WNI,"Jl. Contoh Dummy No. 57, Kota Jakarta",083798110375,164,47,2,2,Yatim,Orang Tua,Ayah dari Siswa 57,Petani,086661155763,Ibu dari Siswa 57,Wiraswasta,088595028287
0080361159,password123,lulus,Siswa Dummy Ke-58,2023,IPA,10 IPA 1,Siswa 58,Laki-laki,Jakarta,2008-03-06,Hindu,WNI,"Jl. Contoh Dummy No. 58, Kota Jakarta",086067651145,169,76,2,5,Piatu,Orang Tua,Ayah dari Siswa 58,PNS,085207076876,Ibu dari Siswa 58,Pegawai Swasta,085002398392
0016203071,password123,drop_out,Siswa Dummy Ke-59,2023,Bahasa,10 Bahasa 1,Siswa 59,Laki-laki,Yogyakarta,2007-08-04,Hindu,WNI,"Jl. Contoh Dummy No. 59, Kota Yogyakarta",089691133694,178,59,1,1,Yatim,Orang Tua,Ayah dari Siswa 59,PNS,085872835043,Ibu dari Siswa 59,Ibu Rumah Tangga,081964653629
0045851310,password123,aktif,Siswa Dummy Ke-60,2023,Bahasa,10 Bahasa 1,Siswa 60,Laki-laki,Malang,2007-10-05,Buddha,WNI,"Jl. Contoh Dummy No. 60, Kota Malang",084674752618,150,67,1,4,Piatu,Orang Tua,Ayah dari Siswa 60,Buruh,085488462619,Ibu dari Siswa 60,PNS,089660165490
0044909766,password123,drop_out,Siswa Dummy Ke-61,2023,IPS,10 IPS 1,Siswa 61,perempuan,Surabaya,2008-09-21,Buddha,WNI,"Jl. Contoh Dummy No. 61, Kota Surabaya",086827240943,180,79,3,3,Piatu,Orang Tua,Ayah dari Siswa 61,Petani,086428624334,Ibu dari Siswa 61,Wiraswasta,083449269272
0077621942,password123,drop_out,Siswa Dummy Ke-62,2023,RPL,10 RPL 1,Siswa 62,Laki-laki,Jakarta,2008-08-07,Konghucu,WNI,"Jl. Contoh Dummy No. 62, Kota Jakarta",087070021819,166,61,2,5,Yatim Piatu,Orang Tua,Ayah dari Siswa 62,Wiraswasta,083578778515,Ibu dari Siswa 62,Ibu Rumah Tangga,088748322965
0061161991,password123,drop_out,Siswa Dummy Ke-63,2023,IPA,10 IPA 1,Siswa 63,perempuan,Jakarta,2007-09-04,Islam,WNI,"Jl. Contoh Dummy No. 63, Kota Jakarta",085828377644,153,58,3,5,Yatim,Orang Tua,Ayah dari Siswa 63,Buruh,086521776963,Ibu dari Siswa 63,Wiraswasta,082538280471
0063140461,password123,lulus,Siswa Dummy Ke-64,2023,IPA,10 IPA 1,Siswa 64,Laki-laki,Malang,2007-02-07,Kristen,WNI,"Jl. Contoh Dummy No. 64, Kota Malang",084244619500,152,43,3,3,Lengkap,Orang Tua,Ayah dari Siswa 64,PNS,086726604126,Ibu dari Siswa 64,Pegawai Swasta,081786900385
0041205223,password123,drop_out,Siswa Dummy Ke-65,2023,Multimedia,10 Multimedia 1,Siswa 65,perempuan,Yogyakarta,2007-10-22,Katolik,WNI,"Jl. Contoh Dummy No. 65, Kota Yogyakarta",084377904742,161,62,1,1,Piatu,Orang Tua,Ayah dari Siswa 65,Petani,083326674886,Ibu dari Siswa 65,PNS,089459601977
0068598563,password123,aktif,Siswa Dummy Ke-66,2023,Multimedia,10 Multimedia 1,Siswa 66,Laki-laki,Surabaya,2008-06-01,Konghucu,WNI,"Jl. Contoh Dummy No. 66, Kota Surabaya",088737578407,167,73,3,4,Piatu,Orang Tua,Ayah dari Siswa 66,Wiraswasta,083885996833,Ibu dari Siswa 66,Ibu Rumah Tangga,087931389496
0071499985,password123,lulus,Siswa Dummy Ke-67,2023,IPA,10 IPA 1,Siswa 67,Laki-laki,Semarang,2008-09-08,Islam,WNI,"Jl. Contoh Dummy No. 67, Kota Semarang",086183596133,160,62,1,2,Yatim,Orang Tua,Ayah dari Siswa 67,PNS,088235481399,Ibu dari Siswa 67,Wiraswasta,089605384973
0068373017,password123,lulus,Siswa Dummy Ke-68,2023,Multimedia,10 Multimedia 1,Siswa 68,perempuan,Jakarta,2008-03-04,Buddha,WNI,"Jl. Contoh Dummy No. 68, Kota Jakarta",089550845747,154,79,1,1,Yatim,Orang Tua,Ayah dari Siswa 68,PNS,087878046551,Ibu dari Siswa 68,Ibu Rumah Tangga,083688789281
0041757829,password123,drop_out,Siswa Dummy Ke-69,2023,TKJ,10 TKJ 1,Siswa 69,perempuan,Bandung,2008-04-26,Katolik,WNI,"Jl. Contoh Dummy No. 69, Kota Bandung",081210606811,169,50,2,4,Lengkap,Orang Tua,Ayah dari Siswa 69,Wiraswasta,081377551476,Ibu dari Siswa 69,Wiraswasta,085436091233
0045562822,password123,aktif,Siswa Dummy Ke-70,2023,IPS,10 IPS 1,Siswa 70,Laki-laki,Semarang,2008-08-09,Islam,WNI,"Jl. Contoh Dummy No. 70, Kota Semarang",086281333486,145,71,3,4,Piatu,Orang Tua,Ayah dari Siswa 70,Pegawai Swasta,081336187762,Ibu dari Siswa 70,PNS,086649915965
0039840492,password123,drop_out,Siswa Dummy Ke-71,2023,IPA,10 IPA 1,Siswa 71,Laki-laki,Surabaya,2008-03-17,Katolik,WNI,"Jl. Contoh Dummy No. 71, Kota Surabaya",081092114796,172,40,2,4,Yatim,Orang Tua,Ayah dari Siswa 71,Wiraswasta,087622775531,Ibu dari Siswa 71,PNS,082506317323
0012564598,password123,drop_out,Siswa Dummy Ke-72,2023,Multimedia,10 Multimedia 1,Siswa 72,perempuan,Semarang,2008-12-03,Katolik,WNI,"Jl. Contoh Dummy No. 72, Kota Semarang",087757390348,158,65,1,3,Lengkap,Orang Tua,Ayah dari Siswa 72,Petani,087891334892,Ibu dari Siswa 72,Ibu Rumah Tangga,086133306703
0089121661,password123,drop_out,Siswa Dummy Ke-73,2023,TKJ,10 TKJ 1,Siswa 73,perempuan,Jakarta,2008-07-27,Islam,WNI,"Jl. Contoh Dummy No. 73, Kota Jakarta",082510831350,164,40,1,1,Piatu,Orang Tua,Ayah dari Siswa 73,Wiraswasta,081208614120,Ibu dari Siswa 73,Wiraswasta,082004118607
0014228496,password123,aktif,Siswa Dummy Ke-74,2023,IPA,10 IPA 1,Siswa 74,Laki-laki,Surabaya,2007-07-25,Katolik,WNI,"Jl. Contoh Dummy No. 74, Kota Surabaya",087259996330,150,82,3,4,Yatim,Orang Tua,Ayah dari Siswa 74,Pegawai Swasta,085580152961,Ibu dari Siswa 74,Pegawai Swasta,087264000878
0021020692,password123,aktif,Siswa Dummy Ke-75,2023,TKJ,10 TKJ 1,Siswa 75,Laki-laki,Yogyakarta,2008-11-15,Kristen,WNI,"Jl. Contoh Dummy No. 75, Kota Yogyakarta",088604881882,150,77,1,3,Yatim,Orang Tua,Ayah dari Siswa 75,Wiraswasta,089024451192,Ibu dari Siswa 75,PNS,082522694431
0073045205,password123,drop_out,Siswa Dummy Ke-76,2023,Bahasa,10 Bahasa 1,Siswa 76,Laki-laki,Yogyakarta,2008-01-31,Konghucu,WNI,"Jl. Contoh Dummy No. 76, Kota Yogyakarta",086416483411,177,51,2,5,Piatu,Orang Tua,Ayah dari Siswa 76,Wiraswasta,083182119199,Ibu dari Siswa 76,Pegawai Swasta,087051715215
0094679391,password123,lulus,Siswa Dummy Ke-77,2023,IPS,10 IPS 1,Siswa 77,Laki-laki,Yogyakarta,2008-03-17,Konghucu,WNI,"Jl. Contoh Dummy No. 77, Kota Yogyakarta",085300101720,158,78,2,3,Piatu,Orang Tua,Ayah dari Siswa 77,Wiraswasta,085344491859,Ibu dari Siswa 77,Wiraswasta,082650417379
0043831836,password123,lulus,Siswa Dummy Ke-78,2023,IPA,10 IPA 1,Siswa 78,Laki-laki,Bandung,2007-10-25,Katolik,WNI,"Jl. Contoh Dummy No. 78, Kota Bandung",083596121986,156,79,2,2,Yatim,Orang Tua,Ayah dari Siswa 78,Pegawai Swasta,087203958513,Ibu dari Siswa 78,PNS,089607416809
0033056706,password123,lulus,Siswa Dummy Ke-79,2023,IPS,10 IPS 1,Siswa 79,Laki-laki,Yogyakarta,2007-03-29,Konghucu,WNI,"Jl. Contoh Dummy No. 79, Kota Yogyakarta",088109057921,177,67,1,3,Yatim Piatu,Orang Tua,Ayah dari Siswa 79,PNS,082921056029,Ibu dari Siswa 79,Ibu Rumah Tangga,088213032075
0083672228,password123,drop_out,Siswa Dummy Ke-80,2023,IPA,10 IPA 1,Siswa 80,Laki-laki,Yogyakarta,2007-09-21,Katolik,WNI,"Jl. Contoh Dummy No. 80, Kota Yogyakarta",087986718579,175,50,1,4,Piatu,Orang Tua,Ayah dari Siswa 80,Pegawai Swasta,087962346652,Ibu dari Siswa 80,Pegawai Swasta,087876320811
0085192149,password123,lulus,Siswa Dummy Ke-81,2023,IPA,10 IPA 1,Siswa 81,Laki-laki,Malang,2008-05-10,Katolik,WNI,"Jl. Contoh Dummy No. 81, Kota Malang",085512368848,178,70,2,5,Yatim,Orang Tua,Ayah dari Siswa 81,Petani,087570944680,Ibu dari Siswa 81,Wiraswasta,082945287685
0060350198,password123,lulus,Siswa Dummy Ke-82,2023,Bahasa,10 Bahasa 1,Siswa 82,perempuan,Jakarta,2008-10-27,Buddha,WNI,"Jl. Contoh Dummy No. 82, Kota Jakarta",082656654260,156,47,1,5,Yatim,Orang Tua,Ayah dari Siswa 82,Petani,081385725583,Ibu dari Siswa 82,PNS,087542559028
0015928550,password123,aktif,Siswa Dummy Ke-83,2023,Bahasa,10 Bahasa 1,Siswa 83,perempuan,Bandung,2008-10-24,Hindu,WNI,"Jl. Contoh Dummy No. 83, Kota Bandung",082692674860,152,74,2,5,Piatu,Orang Tua,Ayah dari Siswa 83,Petani,086467195359,Ibu dari Siswa 83,Ibu Rumah Tangga,081920272108
0064045893,password123,aktif,Siswa Dummy Ke-84,2023,Multimedia,10 Multimedia 1,Siswa 84,Laki-laki,Semarang,2007-07-30,Hindu,WNI,"Jl. Contoh Dummy No. 84, Kota Semarang",082354938895,174,47,2,4,Yatim,Orang Tua,Ayah dari Siswa 84,Pegawai Swasta,088891444267,Ibu dari Siswa 84,Ibu Rumah Tangga,085124062332
0055898440,password123,lulus,Siswa Dummy Ke-85,2023,Bahasa,10 Bahasa 1,Siswa 85,perempuan,Semarang,2008-03-31,Islam,WNI,"Jl. Contoh Dummy No. 85, Kota Semarang",089135560230,162,65,2,4,Yatim,Orang Tua,Ayah dari Siswa 85,PNS,088176626696,Ibu dari Siswa 85,Ibu Rumah Tangga,086811947899
0078843316,password123,aktif,Siswa Dummy Ke-86,2023,IPS,10 IPS 1,Siswa 86,perempuan,Surabaya,2008-03-01,Konghucu,WNI,"Jl. Contoh Dummy No. 86, Kota Surabaya",089245482801,170,42,1,2,Yatim,Orang Tua,Ayah dari Siswa 86,Wiraswasta,089135721168,Ibu dari Siswa 86,Ibu Rumah Tangga,088785414232
0040574900,password123,drop_out,Siswa Dummy Ke-87,2023,TKJ,10 TKJ 1,Siswa 87,perempuan,Yogyakarta,2007-06-29,Hindu,WNI,"Jl. Contoh Dummy No. 87, Kota Yogyakarta",083787579306,147,71,1,1,Piatu,Orang Tua,Ayah dari Siswa 87,Wiraswasta,088591496637,Ibu dari Siswa 87,Wiraswasta,086460531389
0070299358,password123,aktif,Siswa Dummy Ke-88,2023,TKJ,10 TKJ 1,Siswa 88,perempuan,Yogyakarta,2007-07-02,Kristen,WNI,"Jl. Contoh Dummy No. 88, Kota Yogyakarta",082014600904,179,65,2,3,Lengkap,Orang Tua,Ayah dari Siswa 88,Wiraswasta,083362993998,Ibu dari Siswa 88,PNS,084977199631
0028440593,password123,aktif,Siswa Dummy Ke-89,2023,RPL,10 RPL 1,Siswa 89,Laki-laki,Bandung,2007-11-11,Kristen,WNI,"Jl. Contoh Dummy No. 89, Kota Bandung",087807784646,156,45,1,1,Lengkap,Orang Tua,Ayah dari Siswa 89,Pegawai Swasta,082368808980,Ibu dari Siswa 89,Pegawai Swasta,085357252149
0050419797,password123,drop_out,Siswa Dummy Ke-90,2023,RPL,10 RPL 1,Siswa 90,perempuan,Yogyakarta,2008-03-13,Kristen,WNI,"Jl. Contoh Dummy No. 90, Kota Yogyakarta",086279559380,176,54,3,5,Lengkap,Orang Tua,Ayah dari Siswa 90,Pegawai Swasta,083263696735,Ibu dari Siswa 90,Pegawai Swasta,084076493053
0060785037,password123,aktif,Siswa Dummy Ke-91,2023,TKJ,10 TKJ 1,Siswa 91,perempuan,Bandung,2007-12-18,Islam,WNI,"Jl. Contoh Dummy No. 91, Kota Bandung",088100838686,167,47,1,5,Yatim Piatu,Orang Tua,Ayah dari Siswa 91,Wiraswasta,087573928982,Ibu dari Siswa 91,Wiraswasta,081675282178
0060455670,password123,drop_out,Siswa Dummy Ke-92,2023,IPS,10 IPS 1,Siswa 92,perempuan,Jakarta,2008-08-16,Kristen,WNI,"Jl. Contoh Dummy No. 92, Kota Jakarta",085042069853,150,82,1,1,Yatim,Orang Tua,Ayah dari Siswa 92,Wiraswasta,082317197799,Ibu dari Siswa 92,Pegawai Swasta,089026474584
0017818494,password123,drop_out,Siswa Dummy Ke-93,2023,RPL,10 RPL 1,Siswa 93,perempuan,Semarang,2007-01-12,Kristen,WNI,"Jl. Contoh Dummy No. 93, Kota Semarang",083097907287,163,80,1,1,Lengkap,Orang Tua,Ayah dari Siswa 93,PNS,081078527824,Ibu dari Siswa 93,Wiraswasta,086848598645
0013159004,password123,aktif,Siswa Dummy Ke-94,2023,Multimedia,10 Multimedia 1,Siswa 94,perempuan,Yogyakarta,2007-05-08,Konghucu,WNI,"Jl. Contoh Dummy No. 94, Kota Yogyakarta",083865755140,178,46,2,4,Yatim,Orang Tua,Ayah dari Siswa 94,PNS,089926550027,Ibu dari Siswa 94,Ibu Rumah Tangga,084443926278
0035625955,password123,aktif,Siswa Dummy Ke-95,2023,IPS,10 IPS 1,Siswa 95,Laki-laki,Bandung,2007-12-26,Konghucu,WNI,"Jl. Contoh Dummy No. 95, Kota Bandung",083446630817,158,58,1,2,Piatu,Orang Tua,Ayah dari Siswa 95,Pegawai Swasta,082518736797,Ibu dari Siswa 95,Ibu Rumah Tangga,081206980371
0097951679,password123,lulus,Siswa Dummy Ke-96,2023,Multimedia,10 Multimedia 1,Siswa 96,Laki-laki,Malang,2007-05-21,Islam,WNI,"Jl. Contoh Dummy No. 96, Kota Malang",086423795769,149,75,1,5,Yatim Piatu,Orang Tua,Ayah dari Siswa 96,Petani,083230402445,Ibu dari Siswa 96,Pegawai Swasta,081058235678
0040212636,password123,aktif,Siswa Dummy Ke-97,2023,Bahasa,10 Bahasa 1,Siswa 97,Laki-laki,Surabaya,2007-03-10,Buddha,WNI,"Jl. Contoh Dummy No. 97, Kota Surabaya",084789947374,171,72,2,4,Yatim Piatu,Orang Tua,Ayah dari Siswa 97,PNS,085538488558,Ibu dari Siswa 97,Wiraswasta,088380029837
0030540786,password123,aktif,Siswa Dummy Ke-98,2023,Multimedia,10 Multimedia 1,Siswa 98,perempuan,Yogyakarta,2008-09-24,Konghucu,WNI,"Jl. Contoh Dummy No. 98, Kota Yogyakarta",084322632967,146,56,3,3,Yatim Piatu,Orang Tua,Ayah dari Siswa 98,Pegawai Swasta,084034640436,Ibu dari Siswa 98,PNS,088566742711
0054904295,password123,drop_out,Siswa Dummy Ke-99,2023,Multimedia,10 Multimedia 1,Siswa 99,perempuan,Semarang,2008-04-27,Hindu,WNI,"Jl. Contoh Dummy No. 99, Kota Semarang",087879507479,174,75,1,4,Lengkap,Orang Tua,Ayah dari Siswa 99,PNS,081791710743,Ibu dari Siswa 99,Pegawai Swasta,081148625424
0010970410,password123,aktif,Siswa Dummy Ke-100,2023,TKJ,10 TKJ 1,Siswa 100,perempuan,Surabaya,2008-08-19,Kristen,WNI,"Jl. Contoh Dummy No. 100, Kota Surabaya",084669981062,169,58,2,4,Yatim,Orang Tua,Ayah dari Siswa 100,Petani,081439604454,Ibu dari Siswa 100,Wiraswasta,082561566370
